project,symbol,chain,apy,tvlUsd
morpho-blue,1337USDC,Ethereum,297994.96276,11404939
morpho-blue,AUSD,Arbitrum,297994.82709,1428327
morpho-blue,CSYUSDC,Ethereum,133843.07643,2219296
morpho-blue,ADPUSDC,Ethereum,5359.81485,21393242
gmtrade,USDCHF-USDC,Solana,167.64819,1548055
yearn-finance,USDC,Base,153.52384,1826656
curve-dex,IDAI-IUSDC-IUSDT,Ethereum,124.78,1614828
gmtrade,USDCAD-USDC,Solana,105.78751,1309355
morpho-blue,AUGUSTAUSD,Ethereum,103.06634,8032737
morpho-blue,AUGUSTAUSDV2,Ethereum,100.88617,8032628
gmtrade,EUR-USDC,Solana,77.21498,5184663
curve-dex,USDC-SUSDAT,Ethereum,48.89,3531964
saturn,SUSDAT,Ethereum,42.8858,104742691
hyperion,SUSDE-USDC,Aptos,42.14535,2026684
aerodrome-slipstream,EURC-USDC,Base,32.54347,1795439
unitas,SUSDU,Solana,32.18091,9280001
concrete,CTDEFIUSDT,Ethereum,32.15279,47856524
convex-finance,PMUSD-FRXUSD,Ethereum,29.52149,4421319
pendle,LIMUSD,Hyperliquid L1,28.92627,1271853
mezo-vaults,SMUSD,Mezo,27.25835,7485928
convex-finance,PMUSD-CRVUSD,Ethereum,23.72878,6088377
hyperion,USDT-USDC,Aptos,22.71768,6083128
morpho-blue,GTUSDT,Katana,20.23078,3087260
joe-v2.2,AUSD-USDT,Avalanche,18.74147,3257075
altura,USDT0,Hyperliquid L1,17.48975,23749377
pendle,JRUSDAT,Ethereum,17.00962,1988379
convex-finance,REUSD-SFRXUSD,Ethereum,16.99869,1309401
sprinter,USDC,Base,16.65825,2963259
metrom,USDC,Base,16.49396,1245926
pendle,SRUSDAT,Ethereum,16.4777,3314264
pendle,REUSDE,Ethereum,16.13952,5660069
curve-dex,AUSD-USDC-USDT0,Monad,16.0742,2877446
pendle,SUPERUSDC,Ethereum,15.96708,1933085
balancer-v3,MSUSD-USDC,Ethereum,15.58986,1688603
penpie,REUSDE,Ethereum,15.39123,1189947
pendle,APYUSD,Ethereum,15.38323,15782531
stake-dao,REUSD-SFRXUSD,Ethereum,15.2935,1587833
mystic-finance-lending,COREUSDT0,Flare,14.9024,21424659
ember-protocol,USDC,Sui,14.72,1175962
thalaswap,USDT-USDC,Aptos,14.6653,2279919
pendle,REUSDE,Ethereum,14.62205,5660069
stake-dao,PMUSD-CRVUSD,Ethereum,14.49437,3443181
3jane-lending,SUSD3,Ethereum,14.3386,7980757
beefy,PMUSD-CRVUSD,Ethereum,14.0291,1202944
pendle,APYUSD,Ethereum,13.94412,15782531
stake-dao,FRXUSD-MSUSD,Ethereum,13.89427,7309171
canto-lending,USDC,Canto,13.33634,1352236
joe-v2.2,AUSD-USDC,Avalanche,13.07423,4593876
beefy,FRXUSD-MSUSD,Ethereum,13.00408,1133195
beefy,WNUSDT0-WNAUSD-WNUSDC,Monad,12.91976,4305942
aerodrome-slipstream,USDC-USDT,Base,12.8877,1257763
convex-finance,FRXUSD-MSUSD,Ethereum,12.88405,6609031
stake-dao,PMUSD-FRXUSD,Ethereum,12.72823,1857063
zircuit-finance,ZVUSDC,Base,12.72469,1499400
pendle,JRUSDAT,Ethereum,12.57264,1988379
ember-protocol,USDC,Sui,12.51831,1584885
ember-protocol,USDC,Ethereum,12.51626,43658937
pendle,SUSDAT,Ethereum,12.39432,12830144
harvest-finance,USDC,Base,12.24,1970851
liqwid,DJED,Cardano,12.19665,1612426
aerodrome-slipstream,USDZ-SUSDZ,Base,12.19337,1251485
yo-protocol,USDC,Base,12.1573,15975111
yo-protocol,USDC,Ethereum,12.1573,3349998
pendle,SUPERUSDC,Ethereum,12.10166,1933085
metrom,USDC,Katana,12.0286,15898033
mainstreet,MSUSD,Ethereum,12.00882,78044785
re,REUSDE,Ethereum,12.00032,19539674
ember-protocol,USDC,Sui,12.0,5404834
bitway,U,BSC,12.0,4377466
avantis,USDC,Base,11.97729,45255445
mim-swap,MIM-USDC,Arbitrum,11.97672,2768667
autofinance,USDC,Ethereum,11.72877,2027436
indigo,IUSD,Cardano,11.68,4843208
velodrome-v2,USDC-MSUSD,OP Mainnet,11.6166,1016423
pendle,SRUSDAT,Ethereum,11.52645,3314264
beefy,MIM-USDC,Arbitrum,11.39371,1244925
pendle,APXUSD,Ethereum,11.19304,28245143
pendle,TMVUSDC,Ethereum,11.08643,1473971
wildcat-protocol,AMBERUSDC,Ethereum,11.0,1735596
mim-swap,MIM-USDT,Arbitrum,10.99811,2261267
pendle,APXUSD,Base,10.97645,3780300
lagoon,TULIPAUSDC,Ethereum,10.76871,8695875
curve-dex,REUSD-SFRXUSD,Ethereum,10.7244,3407299
bracket-vaults,USDC,Ethereum,10.55,2710394
beefy,MSUSD-FRAX-USDC,Ethereum,10.54749,1552392
morpho-blue,ALPHAUSDTPRIME,Hyperliquid L1,10.52215,4143653
bitway,USDT,BSC,10.5,18117353
wildcat-protocol,MNNCUSDC,Ethereum,10.5,1017900
morpho-blue,ALPHAFRAXUSDENHANCED,Ethereum,10.48275,1209013
beefy,MIM-USDT0,Arbitrum,10.41418,1119461
morpho-blue,FEUSDH2,Hyperliquid L1,10.32142,1786504
blackhole-clmm,SUSDE-USDC,Avalanche,10.27747,2259643
apyx-protocol,APXUSD,Ethereum,10.14823,182655923
euler-v2,AUSD,Ethereum,10.13818,1723998
harmonix-finance,USDC,Hyperliquid L1,10.12098,11411518
goldfinch,USDC,Ethereum,10.06459,37242168
ember-protocol,USDC,Sui,10.01351,1480213
dolomite,USD1,Ethereum,10.00889,34387071
bitway,USD1,BSC,10.0,8197827
upshift,COREUSDC,Ethereum,10.0,6276687
metrom,USDT,Katana,9.9895,4137591
morpho-blue,ALPHAUSDCDELTAV2,Ethereum,9.89814,26632282
steakhouse-financial,HIGHYIELDTERMAUSD,Ethereum,9.88471,6395387
penpie,REUSD,Ethereum,9.86586,1054956
lagoon,YIELDUSDT,Ethereum,9.83651,1062313
gaib,SAID,Ethereum,9.80823,18894650
lagoon,9SUSDC,Ethereum,9.76713,4544906
pendle,SUSN,Ethereum,9.68525,1747316
pendle,SUSDAI,Arbitrum,9.62378,13160354
convex-finance,MSUSD-FRAXBP,Ethereum,9.59801,4236638
aave-v3,USDT0,Mantle,9.53522,10322380
morpho-blue,ALPHAUSDCASIAV2,Ethereum,9.51288,8584150
beefy,USDS-STUSDS,Ethereum,9.48717,3684551
pendle,SUSDAI,Arbitrum,9.45348,9748655
berapaw,KODIUSDE-HONEY,Berachain,9.43417,2511676
superform,SUPERUSDC,Base,9.39773,3895130
pendle,JRNUSD,Ethereum,9.31603,1425736
convex-finance,MIM-3CRV,Ethereum,9.26645,5179703
convex-finance,SDOLA-ALUSD,Ethereum,9.23837,1884627
pendle,SUSN,Ethereum,9.18611,1747316
yearn-finance,YBOLD,Ethereum,9.15862,4673755
pendle,REUSD,Ethereum,9.14938,4983609
yieldseeker,USDC,Base,9.11716,1258588
euler-v2,RLUSD,Ethereum,9.102,20520170
morpho-blue,BBQUSDCRESERVOIR,Ethereum,9.0964,5065515
unitas,SUSDU,BSC,9.07188,46472487
pendle,USDAT,Ethereum,9.06365,17984650
felix-cdp,FEUSD,Hyperliquid L1,9.0635,8295202
zerobase-cedefi,USDT,Ethereum,9.0,14438929
zerobase-cedefi,USDT,Arbitrum,9.0,7922125
stake-dao,FRXUSD-EVAUSDT,Ethereum,8.95644,1242244
pendle,JRUSDE,Ethereum,8.94793,2241141
morpho-blue,ALPHAUSDCPRIMEV2,Ethereum,8.92739,2696965
aave-v3,USDC,Ethereum,8.90377,47616877
kai-finance,USDT,Sui,8.88479,1445756
convex-finance,REUSD-SCRVUSD,Ethereum,8.81855,4456883
beefy,MIM-DAI-USDC-USDT,Ethereum,8.7984,1113071
inverse-finance-firm,SDOLA,Ethereum,8.79237,4188362
zerobase-cedefi,USDT,BSC,8.76,24346483
zerobase-cedefi,USDC,BSC,8.76,2041997
curve-dex,REUSD-SUSDE,Ethereum,8.76,1430249
berapaw,KODISUSDE-HONEY,Berachain,8.74421,4446430
strata-markets,JRUSDAT,Ethereum,8.71826,5633747
morpho-blue,FEUSDC2,Hyperliquid L1,8.68023,27761039
morpho-blue,CSUSDC,Base,8.6665,2920591
uniswap-v3,EUROC-USDC,Ethereum,8.63926,5312726
morpho-blue,SENPYUSDPRIMEV2,Ethereum,8.63129,32913747
neverland,USDC,Monad,8.61296,13760740
neverland,AUSD,Monad,8.57297,10472747
pendle,SAVUSD,Ethereum,8.52171,3227557
blend-pools-v2,USDC,Stellar,8.47957,10930776
beefy,REUSD-SCRVUSD,Ethereum,8.459,1249839
pendle,SNUSD,Ethereum,8.43633,23606190
pendle,SRNUSD,Ethereum,8.40241,1780585
euler-v2,PYUSD,Ethereum,8.38285,29892017
avant-avusd,SAVUSD,Avalanche,8.36155,70606995
lagoon,SYNUSD+,Ethereum,8.35616,2317248
metrom,AUSD,Katana,8.3466,1726597
morpho-blue,ALPHAUSDCCOREV2,Ethereum,8.26576,10917430
morpho-blue,FAUSDE,Ethereum,8.26176,23388527
morpho-blue,SDFRXUSDV2,Ethereum,8.25367,7093364
felix-cdp,FEUSD,Hyperliquid L1,8.21083,1241202
pendle,SUSDAI,Arbitrum,8.19601,13160354
benqi-lending,USDC,Avalanche,8.16862,2100717
pendle,JRUSDE,Ethereum,8.15329,2241141
dolomite,USDC,Ethereum,8.12525,28830112
superform,SUPERUSDC,Ethereum,8.0927,14461937
pendle,REUSD,Ethereum,8.09181,4983609
autofinance,USDC,Base,8.08051,7551882
pendle,MSUSD,Ethereum,8.06611,1315139
pendle,SUSDAI,Arbitrum,8.00942,9748655
pendle,TMVUSDC,Ethereum,8.00001,1473971
current,USDC,Sui,7.96237,4086951
curvance,AUSD,Monad,7.95516,1012645
uniswap-v3,USDE-USDC,Ethereum,7.93281,2286364
fluid-lite,USDC,Ethereum,7.89,37990667
lagoon,GAMIUSDC,Ethereum,7.83664,3082938
pendle,JRNUSD,Ethereum,7.81851,1425736
strata-markets,SRUSDAT,Ethereum,7.78758,7845534
curve-dex,FRXUSD-EVAUSDT,Ethereum,7.77581,1242302
pendle,LIMUSD,Hyperliquid L1,7.7649,1271853
convex-finance,GHO-CRVUSD,Ethereum,7.63404,1176217
morpho-blue,BBQUSD1,Monad,7.62688,3989630
stake-dao,EVAUSDT-EVAUSDC,Ethereum,7.616,3038154
ember-protocol,USDC,Sui,7.54915,1806351
navi-lending,USDSUI,Sui,7.48319,2805972
current,USDSUI,Sui,7.4506,2432069
yearn-finance,VBUSDT,Katana,7.44997,5223817
aave-v3,USDT,Ethereum,7.41684,70896041
morpho-blue,AUGUSTUSDCV2,Ethereum,7.37542,5354747
yuzu-money,SYZUSD,Plasma,7.36356,27387794
yuzu-money,SYZUSD,Monad,7.36356,11942640
yuzu-money,SYZUSD,Ethereum,7.36356,2314475
beefy,MIM-DAI-USDC-USDT,Ethereum,7.33044,4071073
smardex-usdn,USDN,Ethereum,7.32935,1122920
morpho-blue,HYPERUSDCA,Monad,7.30571,17312613
strata-markets,JRNUSD,Ethereum,7.3007,4665734
curve-dex,AMDAI-AMUSDC-AMUSDT,Polygon,7.27,2463461
curvance,AUSD,Monad,7.20953,2228265
curve-dex,REUSD-SCRVUSD,Ethereum,7.2092,5992076
strata-markets,JRUSDE,Ethereum,7.206,10037536
convex-finance,ALUSD-FRXUSD,Ethereum,7.18871,3854524
spectra-v2,SAVUSD,Avalanche,7.17618,3209443
aave-v3,GHO,Ethereum,7.15,13991678
loopscale,USDC,Solana,7.13022,1799028
usd-ai,SUSDAI,Arbitrum,7.1,296918636
mu-digital,LOAZND,Ethereum,7.04625,2359133
curve-dex,PMUSD-CRVUSD,Ethereum,7.02541,6859489
yearn-finance,YVUSD,Ethereum,7.02374,2676547
gains-network,USDC,Arbitrum,7.00866,5146007
morpho-blue,FEUSDT02,Hyperliquid L1,6.97328,1767533
beefy,FXUSD-USDC,Ethereum,6.95514,2225376
morpho-blue,AUGUSTUSDCV2,Monad,6.8373,12939960
morpho-blue,RE7USDC,Wc,6.82304,6916656
pendle,USDAI,Arbitrum,6.79798,35671435
morpho-blue,CSUSDCCORE,Ethereum,6.78401,7626490
curve-dex,FRXUSD-MSUSD,Ethereum,6.75845,10675005
pendle,SUSDAT,Ethereum,6.73981,12830144
fluid-lending,USDC,Arbitrum,6.71,45811418
curve-dex,EVAUSDT-EVAUSDC,Ethereum,6.68097,3038156
spectra-metavaults,USDC,Base,6.67555,5589311
convex-finance,USDC-USDF,Ethereum,6.67234,1879344
deltaprime,USDC,Avalanche,6.64468,1039711
balancer-v3,EURE-AAVEUSDC,Arbitrum,6.6224,1231298
morpho-blue,CSUSDC,Ethereum,6.61311,9788979
morpho-blue,ALPHAUSDCENHANCEDV2,Ethereum,6.57872,2367483
pendle,SNUSD,Ethereum,6.56716,23606190
lista-lending,USDC,Ethereum,6.54745,5204643
symbiosis,USDT,Tron,6.51652,1246451
neverland,USDT0,Monad,6.48177,8125799
blackhole-clmm,USDT-USDC,Avalanche,6.46909,9139815
beefy,USDF-USDC,Ethereum,6.43501,1248028
curve-dex,SDOLA-ALUSD,Ethereum,6.41856,2232896
morpho-blue,HYPERUSDCA,Ethereum,6.41106,10180522
pendle,CUSD,Ethereum,6.40395,2428694
pendle,SAVUSD,Ethereum,6.38378,3227557
ember-protocol,USDC,Sui,6.36982,2777366
pendle,STCUSD,Ethereum,6.36709,3962588
berapaw,RE7HONEY,Berachain,6.35368,11651816
extra-finance-leverage-farming,USDC,Base,6.33492,3651591
tydro,USDG,Ink,6.33344,1676321
stake-dao,EUSD-USDC,Ethereum,6.30978,1140717
pendle,USD3,Ethereum,6.2805,1052536
jupiter-lend,USDG,Solana,6.25747,6298028
ember-protocol,USDC,Ethereum,6.22359,4518867
pendle,SUSDF,Ethereum,6.18847,1818167
curve-dex,PMUSD-FRXUSD,Ethereum,6.17237,5864075
lista-lending,USDT,BSC,6.16593,5725223
convex-finance,EUSD-USDC,Ethereum,6.14196,2117107
yearn-finance,USDS,Ethereum,6.13714,6963606
yearn-finance,VBUSDC,Katana,6.12115,7496602
re,REUSD,Ethereum,6.09829,177891678
symbiosis,USDC,Ethereum,6.096,1214873
fx-protocol,FXUSDSTABILITYPOOLV2.0,Ethereum,6.07,51360439
fluid-lending,GHO,Arbitrum,6.06,3397121
uniswap-v3,RLUSD-USDC,Ethereum,6.00606,3390501
parallel-protocol-v3,SUSDP,Avalanche,6.0,1350711
morpho-blue,GTDAICORE,Ethereum,5.93219,1630967
velodrome-v2,USDC-ALUSD,OP Mainnet,5.91377,1594957
storm-trade,USDT,TON,5.8778,3688338
fluid-lending,USDC,Base,5.86,13264430
convex-finance,SCRVUSD-SUSDE,Ethereum,5.84164,1581397
aave-v3,USDC,Avalanche,5.79394,5486397
aave-v3,USDTB,Ethereum,5.7891,38526714
beefy,EUSD-USDC,Ethereum,5.78039,1265463
extra-finance-leverage-farming,MSUSD-USDC,Base,5.77373,1089690
lantern-staked-sol,LANTERNSOL,Solana,5.74217,3848798
origin-dollar,OUSD,Ethereum,5.74212,5164275
ember-protocol,USDC,Ethereum,5.73014,2785269
raydium-amm,USDC-USDT,Solana,5.69761,4506479
ample,USDC,Base,5.69592,4332279
kyberswap-fairflow,USDE-USDT,Ethereum,5.65977,1358510
lista-lending,USDT,Ethereum,5.65044,5993041
aerodrome-v1,MSUSD-USDC,Base,5.63608,8127294
cap,STCUSD,Ethereum,5.61632,95811728
upshift,EARNAUSD,Monad,5.59694,32629036
morpho-blue,AUSDC,Ethereum,5.58996,2132714
morpho-blue,MWUSDC,Base,5.56712,10078003
curve-dex,MSUSD-FRAXBP,Ethereum,5.54298,6109325
pendle,STCUSD,Ethereum,5.5336,3962588
curve-dex,APYUSD-APXUSD,Ethereum,5.51,14901294
morpho-blue,BBQUSDC,Base,5.50856,25082464
morpho-blue,GTUSDCP,OP Mainnet,5.4913,4922132
liqwid,USDM,Cardano,5.47346,1428082
morpho-blue,GTUSDCC,Hyperliquid L1,5.47127,1703016
morpho-blue,FEUSDT0,Hyperliquid L1,5.46773,9477067
curve-dex,USDC-RLUSD,Ethereum,5.45785,83616119
morpho-blue,HYPERUSDCA,Ethereum,5.38916,3441385
hyperlend-pooled,USDC,Hyperliquid L1,5.38307,11641676
kamino-lend,USDC,Solana,5.37218,6969162
morpho-blue,FEUSDC,Hyperliquid L1,5.3564,15635155
pendle,SRNUSD,Ethereum,5.34218,1780585
moonwell-lending,USDC,Base,5.3406,1532749
stake-dao,FRXUSD-CRVUSD,Ethereum,5.33559,7471293
zerobase-cedefi,USDT,OP Mainnet,5.3,8091733
jupiter-lend,JUPUSD,Solana,5.29893,95178441
stake-dao,USDC-CRVUSD,Ethereum,5.22837,6378570
scallop-lend,USDC,Sui,5.225,1230482
morpho-blue,SENRLUSDV2,Ethereum,5.21882,207525023
stake-dao,USDT-CRVUSD,Ethereum,5.21667,12237304
pendle,SUSDE,Plasma,5.20574,7987646
uniswap-v4,USDE-USDT,Ethereum,5.19599,3858039
infinifi,SIUSD,Ethereum,5.19203,49248658
convex-finance,SCRVUSD-SUSDS,Ethereum,5.16209,1200523
curve-dex,USDS-STUSDS,Ethereum,5.12977,7120624
yearn-finance,VBUSDC,Katana,5.10731,15504307
ember-protocol,USDC,Sui,5.10438,1132418
yearn-finance,DOLA-SUSDE,Ethereum,5.10035,5191459
beefy,RLUSD-USDC,Ethereum,5.09867,3829978
curve-dex,ALUSD-FRXUSD,Ethereum,5.09766,4245726
kamino-lend,USDG,Solana,5.0959,3434055
shadow-exchange-legacy,EVAUSDT-EVAUSDC,Sonic,5.07008,1707830
superstate-uscc,USCC,Ethereum,5.06094,146667217
superstate-uscc,USCC,Solana,5.06094,37074989
superstate-uscc,USCC,Plume Mainnet,5.06094,16375183
morpho-blue,GTUSDTF,Ethereum,5.04065,13655950
morpho-blue,SENPYUSDMAIN,Ethereum,5.03718,271310990
morpho-blue,BBQUSDT0,Monad,5.00793,1797244
pendle,SRUSDE,Ethereum,4.9953,11230701
morpho-blue,STEAKUSDT,Ethereum,4.97949,117224027
morpho-blue,BBQUSDC,Base,4.96675,3741210
morpho-blue,STEAKUSDTBETHENA,Ethereum,4.96404,105220827
fluid-lending,USDC,Ethereum,4.96,201342262
pendle,SUSDE,Ethereum,4.95575,12198578
morpho-blue,REECOUSDC,Ethereum,4.94951,2458695
aave-v3,USDE,Plasma,4.93151,143759818
convex-finance,FRXUSD-CRVUSD,Ethereum,4.92837,11752148
yearn-finance,USDC,Ethereum,4.90549,3708802
pendle,USDG,Ethereum,4.90264,54787779
pendle,USDAT,Ethereum,4.9003,17984650
morpho-blue,GTUSDT,Ethereum,4.89333,6550126
navi-lending,USDC,Sui,4.89292,5983590
yearn-finance,VBUSDT,Katana,4.89276,4195101
pendle,SUSDF,Ethereum,4.89144,1818167
yearn-finance,USDC,Ethereum,4.88507,10683455
kai-finance,USDC,Sui,4.846,2481363
maple,USDC,Ethereum,4.79941,3275612119
beefy,USDC,Ethereum,4.78558,2526107
morpho-blue,GTUSDCP,Base,4.76703,81745135
morpho-blue,STEAKUSDC,Base,4.76673,129579991
lagoon,AGUSDC,Avalanche,4.76428,1017240
morpho-blue,SKYMONEYUSDCRISKCAPITAL,Ethereum,4.74364,12371228
falcon-finance,SUSDF,Ethereum,4.71004,79686228
fx-protocol,USDC+fxUSD,Ethereum,4.68,8063779
aave-v3,USDC,Ethereum,4.67117,1420196
fluid-lending,GHO,Ethereum,4.67,14055340
bifi,BTCUSD,Bifrost Network,4.66511,1337902
compound-v3,USDC,Ethereum,4.65917,31784825
reservoir-protocol,WSRUSD,Ethereum,4.65326,92390344
curve-dex,SCRVUSD-SUSDE,Ethereum,4.64859,2825776
morpho-blue,BBQUSDT,Ethereum,4.62841,26366386
convex-finance,USDC-CRVUSD,Ethereum,4.61156,15651875
uniswap-v4,BOLD-USDC,Ethereum,4.59802,3668271
fluid-lending,USDTB,Ethereum,4.59,2100580
jupiter-lend,USDC,Solana,4.58528,445067919
flux-finance,USDT,Ethereum,4.58339,1695721
jupiter-lend,USDS,Solana,4.56166,12602887
reserve-protocol,USD3,Ethereum,4.55419,4923681
yearn-finance,VBUSDC,Katana,4.55328,5221251
aave-v3,USDE,Ethereum,4.54721,86376475
euler-v2,PYUSD,Ethereum,4.52004,7260099
aave-v3,USDT,Avalanche,4.51404,2659389
morpho-blue,PUSDC,Base,4.50377,38327798
morpho-blue,FRUSDC,Base,4.50375,23811204
aave-v3,RLUSD,Ethereum,4.49765,131185639
curve-dex,FRXUSD-AVUSD,Ethereum,4.49562,1001159
morpho-blue,GTUSDCP,Base,4.49553,372580654
morpho-blue,STEAKUSDC,Base,4.49494,465843932
uniswap-v4,APXUSD-USDC,Ethereum,4.47944,17804980
morpho-blue,SKYMONEYUSDSFLAGSHIP,Ethereum,4.46832,49877566
morpho-blue,SKYMONEYUSDSRISKCAPITAL,Ethereum,4.46546,1636108
aave-v3,USDC,Ethereum,4.46377,141235289
beefy,USDC,Base,4.44408,1875281
curve-dex,PYUSD-USDC,Ethereum,4.4215,51412863
morpho-blue,GTUSDCRWA,Ethereum,4.38456,11395801
curve-dex,SCRVUSD-SUSDS,Ethereum,4.36809,1236858
gauntlet,GTUSDA,Base,4.36174,66789270
morpho-blue,GTUSDCF,Ethereum,4.35474,17511466
gains-network,USDC,Base,4.35381,2189961
pendle,SUSDE,Plasma,4.34631,7987646
aave-v3,USDT0,Plasma,4.34074,63054226
pendle,SUSDE,Ethereum,4.3312,12198578
pendle,SYUSD,Ethereum,4.32724,2122196
convex-finance,USDT-CRVUSD,Ethereum,4.31773,15576418
morpho-blue,LULOUSDC,Ethereum,4.30976,4111275
maple,USDT,Ethereum,4.30355,905471056
ethena-usde,SUSDE,Ethereum,4.29672,1783877745
strata-markets,SRNUSD,Ethereum,4.29604,5479324
aave-v3,USDE,Mantle,4.28,5863767
morpho-blue,ROXUSDCY,Ethereum,4.27325,6758980
curve-dex,SUSDAI-USDC,Arbitrum,4.27,1841080
gauntlet,GTUSDA,Ethereum,4.26413,1574667
folks-finance-lending,USDC,Algorand,4.26,1472390
aave-v3,SGHO,Ethereum,4.25,66948862
pendle,SRUSDE,Ethereum,4.23852,11230701
morpho-blue,STEAKUSDCINFINIFI,Ethereum,4.22357,4765169
sdai,SDAI,Gnosis,4.21789,74903469
pendle,APXUSD,Base,4.18369,3780300
morpho-blue,HUSDT,Ethereum,4.17692,7572463
convex-finance,FRXUSD-SUSDS,Ethereum,4.17456,1034748
exactly,USDC,OP Mainnet,4.15678,1620761
morpho-blue,BBQUSDC,Ethereum,4.14182,32524347
dolomite,USDC,Arbitrum,4.13871,1757256
exactly,USDC,OP Mainnet,4.13199,1620761
euler-v2,USDC,Monad,4.10507,2381725
euler-v2,USDT0,Plasma,4.08442,7005915
morpho-blue,GTUSDCC,Base,4.06106,1996894
morpho-blue,SPARKUSDC,Base,4.05704,8922284
frax,SFRXUSD,Ethereum,4.04942,32368376
sparklend,USDC,Ethereum,4.04289,3772096
exactly,USDC,OP Mainnet,4.0418,1620761
termmax,USDC,Base,4.02412,1261386
justlend,USDD,Tron,4.00442,303050717
morpho-blue,BBQUSDC,Ethereum,4.00214,23406368
aave-v3,SUSDE,Mantle,4.0,63903670
lista-lending,USDC,BSC,3.99289,1284494
exactly,USDC,OP Mainnet,3.98788,1620761
echelon-market,USD1,Aptos,3.98558,4230941
curve-dex,FRXUSD-SUSDS,Ethereum,3.9816,1625977
fluid-lending,USDC,Ethereum,3.97,7529968
exactly,USDC,OP Mainnet,3.96879,1620761
exactly,USDC,OP Mainnet,3.95981,1620761
exactly,USDC,OP Mainnet,3.94335,1620761
exactly,USDC,OP Mainnet,3.93956,1620761
exactly,USDC,OP Mainnet,3.9335,1620761
morpho-blue,BBQUSDCINFINIFI,Ethereum,3.9002,5591961
multipli.fi,RWAUSDI,Ethereum,3.888,126499658
multipli.fi,RWAUSDI,Base,3.888,113686193
autofinance,USDC,Ethereum,3.88461,8063609
sparklend,USDS,Ethereum,3.86766,841308569
concrete,SRROYUSDC,Ethereum,3.86631,12881018
uniswap-v3,USDC-USDT,Arbitrum,3.86428,2613268
pendle,APXUSD,Ethereum,3.86042,28245143
fluid-dex,REUSD-USDT,Ethereum,3.83977,11669337
echelon-market,IUSD,Echelon Initia,3.83467,1596933
lazy-summer-protocol,USDC,Base,3.83463,1381025
termmax,USDC,Ethereum,3.80218,1368863
3jane-lending,USD3,Ethereum,3.77166,20296497
navi-lending,USDY,Sui,3.7701,2331792
harvest-finance,USDC,Ethereum,3.76,1086764
aave-v3,SGHO,Ethereum,3.75,177861428
aave-v3,USDG,Ethereum,3.73716,10278193
across,USDC,Ethereum,3.6892,1287620
flux-finance,USDC,Ethereum,3.6825,2685817
morpho-blue,USUALUSDC+,Ethereum,3.67402,4900098
liqwid,USDA,Cardano,3.67394,1994128
fluid-lending,USDT,Ethereum,3.67,131768201
strata-markets,SRUSDE,Ethereum,3.66866,51875793
morpho-blue,GTUSDCCORE,Ethereum,3.66544,9117558
sky-lending,SUSDS,Ethereum,3.65,5821509914
spark-savings,USDC,Ethereum,3.65,405286940
spark-savings,USDS,Arbitrum,3.65,358639119
sky-lending,SUSDS,Arbitrum,3.65,358639119
spark-savings,USDS,Base,3.65,222422468
spark-savings,USDC,Avalanche,3.65,28329083
morpho-blue,STEAKUSDC,Base,3.60244,293876504
curve-dex,DOLA-SUSDE,Ethereum,3.60187,61039538
veda,PLASMAUSD,Plasma,3.58277,45881013
stusdt,STUSDT,Tron,3.56158,63112794
pendle,USDG,Ethereum,3.55622,54787779
uniswap-v3,USDC-USDC,Polygon,3.55042,5432269
ondo-yield-assets,USDY,Ethereum,3.55,994482646
ondo-yield-assets,USDY,Sei,3.55,256572624
ondo-yield-assets,USDYC,Ethereum,3.55,251114017
ondo-yield-assets,USDY,Solana,3.55,180711080
ondo-yield-assets,USDY,Stellar,3.55,124202887
ondo-yield-assets,USDY,Mantle,3.55,29444317
ondo-yield-assets,USDY,Sui,3.55,23142944
ondo-yield-assets,USDY,Noble,3.55,15158991
ondo-yield-assets,USDY,Osmosis,3.55,7271418
ondo-yield-assets,USDY,Arbitrum,3.55,5592063
aave-v3,SUSDE,Plasma,3.54501,291861919
morpho-blue,KABUUSDC,Ethereum,3.53879,2051062
convex-finance,USDC-USDT,Ethereum,3.53173,1625435
curve-dex,FRAX-USDC,Ethereum,3.52314,5134145
superstate-ustb,USTB,Ethereum,3.5117,796418549
superstate-ustb,USTB,Plume Mainnet,3.5117,9430182
superstate-ustb,USTB,Solana,3.5117,2627599
frankencoin,ZCHF,Ethereum,3.5,13883035
frankencoin,ZCHF,Gnosis,3.5,1451236
clearpool-lending,USDX,Flare,3.49864,28198541
blackrock-buidl,BUIDL,Ethereum,3.49162,987638288
usual-usd0,BUSD0,Ethereum,3.47111,507404623
convex-finance,DOLA-SUSDS,Ethereum,3.46388,5554415
stusdt,STUSDT,Ethereum,3.46173,1809546
blackrock-buidl,BUIDL,Solana,3.46054,602813648
blackrock-buidl,BUIDL,Polygon,3.46054,36158780
blackrock-buidl,BUIDL,Avalanche,3.4605,624754160
termmax,USDC,Ethereum,3.45623,1002878
lazy-summer-protocol,USDC,Ethereum,3.44905,10530727
morpho-blue,BBQUSDC,Arbitrum,3.43676,14388748
yearn-finance,DAI,Ethereum,3.42478,9473132
curve-dex,DOLA-SUSDS,Ethereum,3.42174,5601278
kamino-lend,PYUSD,Solana,3.42095,9896173
morpho-blue,GTUSDCP,Arbitrum,3.41985,1767533
aave-v3,EURE,Gnosis,3.40829,3582232
morpho-blue,BBQUSDC,Arbitrum,3.4027,2456478
yearn-finance,USDC,Ethereum,3.39863,27534823
steakhouse-financial,HIGHYIELDTURBOAUSD,Ethereum,3.36163,1850126
morpho-blue,COMPUSDC,Polygon,3.33966,1548838
openeden-tbill,TBILL,Ethereum,3.33529,128576588
morpho-blue,ARMUSDCS,Ethereum,3.33387,30006117
morpho-blue,GTUSDCC,Arbitrum,3.32783,3428339
kamino-lend,USDS,Solana,3.32405,1349529
morpho-blue,ELLENUSDC,Ethereum,3.31644,3496473
morpho-blue,GUSDCQ,Ethereum,3.31091,24538218
morpho-blue,ARMUSDCP,Ethereum,3.30668,19998832
morpho-blue,GTUSDCP,Ethereum,3.30629,99441666
morpho-blue,STEAKUSDC,Ethereum,3.30495,59133728
curve-dex,USDC-USDF,Ethereum,3.29884,3575937
morpho-blue,BBQAUSD,Ethereum,3.27598,1041509
yearn-finance,USDC,Ethereum,3.26913,2662801
morpho-blue,KABUUSDC,Ethereum,3.26909,2049792
native-credit-pool,NUSDT,BSC,3.261,1812787
morpho-blue,CRONOSUSDC,Ethereum,3.24946,1524984
morpho-blue,GTUSDC,Ethereum,3.24632,43709209
morpho-blue,PCHYUSDC,Ethereum,3.24513,2823992
curve-dex,EUSD-USDC,Ethereum,3.23195,3307610
venus-core-pool,FDUSD,BSC,3.20753,6877186
termmax,USDC,Ethereum,3.19631,7310865
yearn-finance,USDC,Ethereum,3.19036,1589285
termmax,USDC,Ethereum,3.16248,2007124
hastra,WYLDS,Solana,3.16,1839083
compound-v3,USDC,Base,3.15906,1225406
blackrock-buidl,BUIDL,Arbitrum,3.15088,25515076
blackrock-buidl,BUIDL,OP Mainnet,3.1508,26166940
blackrock-buidl,BUIDL,Aptos,3.15073,559091190
blackrock-buidl,BUIDL,Ethereum,3.15073,158362973
blackrock-buidl,BUIDL,BSC,3.15073,110112272
circle-usyc,USYC,BSC,3.15045,2862631641
circle-usyc,USYC,Ethereum,3.15045,110495202
balancer-v3,AAVEUSDC-AAVEGHO,Base,3.14224,1372808
convex-finance,CRVUSD,Ethereum,3.13668,3642483
curve-llamalend,CRVUSD,Ethereum,3.1331,3726734
morpho-blue,GTMSUSDC,Ethereum,3.12417,14939105
morpho-blue,GTUSDC,Katana,3.11416,5226994
openeden-usdo,USDO,Ethereum,3.10377,33102748
openeden-usdo,CUSDO,Solana,3.10377,5693671
ember-protocol,USDC,Sui,3.09,1181189
morpho-blue,STEAKUSDC,Ethereum,3.0865,114520291
morpho-blue,VBSHUSDC,Ethereum,3.08217,23433419
morpho-blue,BBQUSDT,Ethereum,3.08024,3304120
multipli.fi,XUSDC,Ethereum,3.06,36538577
aegis-yusd,YUSD,Ethereum,3.06,34065291
multipli.fi,XUSDT,Ethereum,3.06,15598519
aegis-yusd,YUSD,BSC,3.06,1795120
aave-v3,USDC,Polygon,3.0516,11406323
aave-v3,USDC,Arbitrum,3.04081,21021502
tydro,USDC,Ink,3.03008,3317517
morpho-blue,STEAKUSDC,Katana,3.00458,32626912
